کد نهایی,نام نهایی,واحد,قیمت منتخب (ریال),کدهای قبلی,نام‌ها و قیمت‌های قبلی (ریال),دلیل ادغام,نیازمند بررسی مشخصات
1,روغن دو زمانه,عدد,4000000,1,1: روغن دوزمانه = 4000000,,روغن‌ها به علت تفاوت واحد، حجم، برند یا کاربرد ادغام نشدند؛ عدد به لیتر تبدیل نشده است.
2,دستمزد نصب تابلو,عدد,50000000,2,2: دستمزد نصب تابلو = 50000000,,
3,بست ان‌اف,عدد,200000,3,3: بست ان اف = 200000,,
5,رنگ زدن شاخص طبقات,عدد,400000,5,5: رنگ زدن شاخص طبقات = 400000,,
2222,رفع عیب,عدد,2000000,2222,2222: رفع عیب = 2000000,,
6543,خرابی,عدد,3000000,6543,6543: خرابی = 3000000,,
29039,هزینه نظافت کامل آسانسور,عدد,5000000,4587 | 29039 | 458796,4587: هزینه نظافت کامل آسانسور 2 = 2000000 | 29039: هزینه نظافت کامل آسانسور = 5000000 | 458796: هزینه نظافت کامل آسانسور 3 = 1500000,عنوان یکسان؛ پسوندهای ۲ و ۳ شماره نسخه تکراری عنوان هستند.,
29290,روغن 4 لیتری,عدد,40000000,29290,29290: روغن 4 لیتری = 40000000,,روغن‌ها به علت تفاوت واحد، حجم، برند یا کاربرد ادغام نشدند؛ عدد به لیتر تبدیل نشده است.
29291,روغن 1 لیتری بهران,لیتر,280000,29291,29291: روغن 1 لیتری بهران = 280000,,روغن‌ها به علت تفاوت واحد، حجم، برند یا کاربرد ادغام نشدند؛ عدد به لیتر تبدیل نشده است.
29292,دستمزد تعویض روغن گیربکس,عدد,8000000,29292,29292: دستمزد تعویض روغن گیربکس = 8000000,,
29309,دستمزد تعویض کفشک,عدد,1000000,29309,29309: دستمزد تعویض کفشک = 1000000,,
29339,روغن دو زمانه اسپیدی,عدد,4000000,29339,29339: روغن دو زمانه اسپیدی = 4000000,,روغن‌ها به علت تفاوت واحد، حجم، برند یا کاربرد ادغام نشدند؛ عدد به لیتر تبدیل نشده است.
29340,روغن دان روی کابین و قاب وزنه,عدد,3000000,29340,29340: روغن دان روی کابین و قاب وزنه = 3000000,,
29363,تعویض فتیله روغن‌دان,عدد,100000,29363,29363: تعویض فیتیله روغن دان = 100000,,
29364,لامپ ۱۰ وات,عدد,1300000,29364 | 29420,29364: لامپ  10w = 1300000 | 29420: لامپ 10 وات = 1200000,توان و واحد یکسان؛ w و وات معادل‌اند.,
29365,بیمه آسانسور 5 نفره,عدد,955000,29365,29365: بیمه آسانسور 5 نفره = 955000,,بیمه ۵ نفره و بیمه با ظرفیت نامشخص جدا هستند.
29366,قطع‌کن ان‌اف آسانسور,عدد,9000000,29366,29366: قطع کن  ان اف آسانسور = 9000000,,
29367,سمباده,عدد,100000,29367,29367: سمباده = 100000,,
29368,لامپ هالوژن,عدد,2100000,29368 | 29409,29368: لامپ هالوژن = 2100000 | 29409: هالوژن = 280000,هالوژن و لامپ هالوژن بدون مشخصات متفاوت؛ فریم و لامپ با فریم جدا نگه داشته شده‌اند.,
29413,بدهی ماه های گذشته,عدد,1700000,29413,29413: بدهی ماه های گذشته = 1700000,,این قلم عنوان بدهی است، نه قطعه انبار؛ بنا به درخواست حفظ همه موارد در فهرست مانده است.
29414,بیمه آسانسور,عدد,1400000,29414,29414: بیمه آسانسور = 1400000,,بیمه ۵ نفره و بیمه با ظرفیت نامشخص جدا هستند.
29415,تراول کابل 3 متر,عدد,1560000,29415,29415: تراول کابل 3 متر = 1560000,,
29416,ما به التفاوت کابل تراول 32 متر,عدد,2880000,29416,29416: ما به التفاوت کابل تراول 32 متر = 2880000,,
29455,کلید سه گوش,عدد,2500000,29455,29455: کلید سه گوش = 2500000,,
29456,دستمزد تعویض آرامبند,عدد,100000,29456,29456: دستمزد تعویض آرامبند = 100000,,
29457,هزینه تعویض قفل درب,عدد,200000,29457,29457: هزینه تعویض قفل درب = 200000,,
29458,هزینه تعویض روغن دان,عدد,100000,29458,29458: هزینه تعویض روغن دان = 100000,,
29459,هزینه تعویض تسمه موتور,عدد,200000,29459,29459: هزینه تعویض تسمه موتور = 200000,,
29460,ایاب ذهاب مرتبه دوم,عدد,200000,29460,29460: ایاب ذهاب مرتبه دوم = 200000,,ایاب‌وذهاب عمومی و مراجعه دوم جدا هستند.
29478,نظافت آسانسور,عدد,1000000,29478 | 34985 | 49913,29478: هزینه نظافت = 1000000 | 34985: نظافت آسانسور = 800000 | 49913: نظافت = 1000000,نظافت عمومی؛ نظافت کامل و تمیزکاری ریل‌ها به علت دامنه متفاوت جدا هستند.,
29532,تعویض شستی,عدد,100000,29532,29532: تعویض شستی = 100000,,
29533,فیوز مینیاتوری تک فاز,عدد,2500000,29533,29533: فیوز مینیاتوری تک فاز = 2500000,,فیوز/کلید و تک‌فاز/سه‌فاز یکی فرض نشده‌اند.
29573,تعویض قرقره,عدد,300000,29573,29573: تعویض قرقره = 300000,,
29574,قرقره درب داخلی,عدد,8000000,29574,29574: قرقره درب داخلی = 8000000,,
29752,قاب شیشه,عدد,1000000,29752,29752: قاب شیشه = 1000000,,
29756,قفل درب طبقه,عدد,25000000,29454 | 29756,29454: قفل درب طبقه = 15000000 | 29756: قفل طبقه = 25000000,قفل طبقه و قفل درب طبقه عنوان‌های معادل‌اند؛ قفل درب بدون نوع جداست.,قفل درب عمومی را بدون تعیین نوع با قفل طبقه ادغام نکردیم.
29757,شستی آسانسور,عدد,7500000,29757,29757: شاستی آسانسور = 7500000,,شستی عمومی، شستی طبقه و پنل طبقات لزوماً یک قطعه نیستند.
29758,کمان درب,عدد,20000000,29758,29758: کمان درب = 20000000,,
29760,دوشاخ درب یاران,عدد,10000000,29760,29760: دوشاخ درب یاران = 10000000,,
29779,آرامبند جان لیفت,عدد,32000000,29779,29779: آرامبند جان لیفت = 32000000,,آرامبندها برند متفاوت دارند؛ بالاترین قیمت بین برندها اعمال نشده است.
29806,واسکازین موتور,عدد,550000,29806,29806: واسکازین موتور = 550000,,روغن‌ها به علت تفاوت واحد، حجم، برند یا کاربرد ادغام نشدند؛ عدد به لیتر تبدیل نشده است.
29807,لقمه پلاستیکی درب کابین,عدد,1000000,29807,29807: لقمه پلاستیکی درب کابین = 1000000,,لقمه و کفشک‌ها جنس یا محل مصرف متفاوت/نامشخص دارند؛ جدا باقی ماندند.
29808,فتیله,عدد,100000,29808 | 60486,29808: فیتیله = 100000 | 60486: فتیله = 100000,اختلاف املایی فیتیله/فتیله؛ دستمزد تعویض فتیله جداست.,
29844,ان اف طبقه,عدد,700000,29844,29844: ان اف طبقه = 700000,,سنسور توقف، طبقه و درب بدون مشخصات فنی یکسان ادغام نشدند.
29846,شستی طبقه,عدد,700000,29846,29846: شستی طبقه = 700000,,شستی عمومی، شستی طبقه و پنل طبقات لزوماً یک قطعه نیستند.
29920,اسپری کنتاکت‌شور,عدد,1200000,29920,29920: اسپری کنتاکت شور = 1200000,,
29963,قفل درب,عدد,1500000,29963,29963: قفل درب = 1500000,,قفل درب عمومی را بدون تعیین نوع با قفل طبقه ادغام نکردیم.
29964,آرامبند ایرانی,عدد,14000000,29964,29964: آرامبند ایرانی = 14000000,,آرامبندها برند متفاوت دارند؛ بالاترین قیمت بین برندها اعمال نشده است.
30118,تمیزکاری ریل های کابین و قاب وزنه,عدد,500000,30118,30118: تمیزکاری ریل های کابین و قاب وزنه = 500000,,
30160,کنتاکتور 32 آمپر,عدد,12000000,30160,30160: کنتاکتور 32 آمپر = 12000000,,کنتاکتور عمومی و ۳۲ آمپر بدون تأیید مشخصات یکسان ادغام نشدند.
30358,دستمزد نصب روغن دان,عدد,100000,30358,30358: دستمزد نصب روغن دان = 100000,,
30545,تعویض تراول,عدد,2500000,30545,30545: تعویض تراول = 2500000,,
30990,شستی,عدد,800000,30990,30990: شستی = 800000,,شستی عمومی، شستی طبقه و پنل طبقات لزوماً یک قطعه نیستند.
31012,روغن سیم بکسل,عدد,18000000,31012,31012: روغن سیم بکسل = 18000000,,معنای عدد ۲ در روغن سیم بکسل ۲ مشخص نیست؛ برای جلوگیری از حذف حجم یا مدل متفاوت جدا باقی ماند.
31105,سیم  بکسل 10,متر,166000,31105,31105: سیم  بکسل 10 = 166000,,
31106,فلکه هرزگرد 40سانت پرشیا,عدد,10000000,31106,31106: فلکه هرزگرد 40سانت پرشیا = 10000000,,
31107,دستمزد مکانیک و تعویض سیم بکسل,عدد,12000000,31107,31107: دستمزد مکانیک و تعویض سیم بکسل = 12000000,,
31119,لامپ ۱۲ وات,عدد,280000,31119,31119: لامپ 12w = 280000,,
31723,روغن یک لیتری,لیتر,650000,31723,31723: روغن یک لیتری = 650000,,روغن‌ها به علت تفاوت واحد، حجم، برند یا کاربرد ادغام نشدند؛ عدد به لیتر تبدیل نشده است.
31725,سیم تلفنی,متر,600000,31725,31725: سیم نلفنی = 600000,,
32052,کنترل فاز,عدد,5000000,32052,32052: کنترل فاز = 5000000,,
32062,برد سر درب آسانسور یاران,عدد,55000000,29759 | 32062,29759: برد درب یاران = 9000000 | 32062: برد سر درب آسانسور یاران = 55000000,برد درب یاران و برد سر درب آسانسور یاران؛ برند و کاربرد یکسان و مدل متفاوتی ذکر نشده است.,
32063,سنسور توقف,عدد,13000000,32063,32063: سنسورتوقف = 13000000,,سنسور توقف، طبقه و درب بدون مشخصات فنی یکسان ادغام نشدند.
32064,سرویسکاری آسانسور,عدد,800000,32064,32064: سرویسکاری آسانسور = 800000,,سرویس با مدت نامشخص، چندماهه و سالانه جداست؛ قیمت ماهانه جایگزین مبلغ چندماهه نشده است.
32189,کنتاکت درب کابین,عدد,5000000,32189,32189: کنتاکت درب کابین = 5000000,,
32474,فن,عدد,10000000,32474,32474: فن = 10000000,,
32743,سنسور طبقه,عدد,13000000,32743,32743: سنسور طبقه = 13000000,,سنسور توقف، طبقه و درب بدون مشخصات فنی یکسان ادغام نشدند.
32889,روغن گیربکس 1 لیتر,لیتر,4500000,32889,32889: روغن گیربکس 1 لیتر = 4500000,,روغن‌ها به علت تفاوت واحد، حجم، برند یا کاربرد ادغام نشدند؛ عدد به لیتر تبدیل نشده است.
33150,کفشک درب,عدد,1000000,33150,33150: کفشک درب = 1000000,,لقمه و کفشک‌ها جنس یا محل مصرف متفاوت/نامشخص دارند؛ جدا باقی ماندند.
33395,چسب برق,عدد,100000,33395,33395: چسب برق = 100000,,
33404,تعویض برد پاور برد اصلی,عدد,1500000,33404,33404: تععویض برد پاور برد اصلی = 1500000,,
34234,موتور سر درب,عدد,55000000,34234,34234: موتور سر درب = 55000000,,
34943,کفشک ارتالونی,عدد,750000,34943,34943: کفشک ارتالونی = 750000,,لقمه و کفشک‌ها جنس یا محل مصرف متفاوت/نامشخص دارند؛ جدا باقی ماندند.
35214,سنسور درب داخل,عدد,13000000,35214,35214: سنسور درب داخل = 13000000,,سنسور توقف، طبقه و درب بدون مشخصات فنی یکسان ادغام نشدند.
35457,کنتاکتور,عدد,25000000,35457,35457: کنتاکتور = 25000000,,کنتاکتور عمومی و ۳۲ آمپر بدون تأیید مشخصات یکسان ادغام نشدند.
35618,روغن گیر ریل,عدد,900000,35618,35618: روغن گیر ریل = 900000,,
35694,فنر درب,عدد,2000000,35694,35694: فنر درب = 2000000,,
35696,فیوز سه فاز,عدد,1800000,35696,35696: فیوز سه فاز = 1800000,,فیوز/کلید و تک‌فاز/سه‌فاز یکی فرض نشده‌اند.
38154,دستمزد تعویض روغن,عدد,1000000,38154,38154: دستمزد تعویض روغن = 1000000,,
38611,دستگیره درب,عدد,1200000,38611,38611: دستگیره درب = 1200000,,
39874,پنل طبقات,عدد,2500000,39874,39874: پنل طبقات = 2500000,,شستی عمومی، شستی طبقه و پنل طبقات لزوماً یک قطعه نیستند.
40389,بست سیم بکسل,عدد,500000,40389,40389: بست سیم بکسل = 500000,,
41039,آرامبند اونسا,عدد,5000000,41039,41039: آرام بند اونسا = 5000000,,آرامبندها برند متفاوت دارند؛ بالاترین قیمت بین برندها اعمال نشده است.
41040,کنتاکت کمکی,عدد,1600000,41040,41040: کنتاک کمکی = 1600000,,
41079,لامپ هالوژن با فریم,عدد,3500000,41079,41079: لامپ هالوژن با فریم = 3500000,,
41081,ایاب و ذهاب,عدد,500000,41081,41081: ایاب و ذهاب = 500000,,ایاب‌وذهاب عمومی و مراجعه دوم جدا هستند.
44983,کلید مینیاتوری,عدد,2000000,44983,44983: کلید منیاتوری = 2000000,,فیوز/کلید و تک‌فاز/سه‌فاز یکی فرض نشده‌اند.
44999,سرپیچ لامپ,عدد,600000,44999,44999: سرپیچ لامپ = 600000,,
45158,روغن دو زمانه,لیتر,2200000,45158,45158: روغن دو زمانه = 2200000,,روغن‌ها به علت تفاوت واحد، حجم، برند یا کاربرد ادغام نشدند؛ عدد به لیتر تبدیل نشده است.
45159,طلق کابین,متر,10000000,45159,45159: طلق کابین = 10000000,,
49565,فلکه گاورنر,عدد,15000000,49565,49565: فلکه گاورنر = 15000000,,
49921,فریم هالوژن,عدد,1500000,49921,49921: فرم هالوژن = 1500000,,
51353,سرویس ماهیانه آسانسور,عدد,2500000,33402 | 33403 | 51353 | 51354 | 51355 | 51356 | 51357 | 51358 | 51359 | 51360 | 51362 | 51363 | 51364 | 51365,33402: سرویس ماهیانه = 500000 | 33403: سرویس مهر ماه = 600000 | 51353: سرویسکاری فروردین ماه = 2500000 | 51354: سرویسکاری اردیبهشت ماه = 2500000 | 51355: سرویسکاری خرداد ماه = 2500000 | 51356: سرویسکاری تیرماه = 2500000 | 51357: سرویسکاری مرداد ماه = 2500000 | 51358: سرویسکاری شهریور ماه = 2500000 | 51359: سرویسکاری مهر ماه = 2500000 | 51360: سرویسکاری آبان ماه = 2500000 | 51362: سرویسکاری آذر ماه = 2500000 | 51363: سرویسکاری دی ماه = 2500000 | 51364: سرویسکاری بهمن ماه = 2500000 | 51365: سرویسکاری اسفند ماه = 2500000,همه یک دوره یک‌ماهه هستند؛ نام ماه مشخصه گزارش سرویس است. اقلام چندماهه و سالانه جدا مانده‌اند.,
51366,سرویسکاری آسانسور 1402,عدد,30000000,51366,51366: سرویسکاری آسانسور 1402 = 30000000,,سرویس با مدت نامشخص، چندماهه و سالانه جداست؛ قیمت ماهانه جایگزین مبلغ چندماهه نشده است.
51817,سرویس خرداد ماه تا دی ماه,عدد,20000000,51817,51817: سرویس خرداد ماه نا دی ماه = 20000000,,سرویس با مدت نامشخص، چندماهه و سالانه جداست؛ قیمت ماهانه جایگزین مبلغ چندماهه نشده است.
52604,سرویس فروردین تا اسفند ماه,عدد,24400000,52604,52604: سرویس فروردین تا اسفند ماه = 24400000,,سرویس با مدت نامشخص، چندماهه و سالانه جداست؛ قیمت ماهانه جایگزین مبلغ چندماهه نشده است.
56029,کلید سه فاز,عدد,4500000,56029,56029: کلید سه فاز = 4500000,,فیوز/کلید و تک‌فاز/سه‌فاز یکی فرض نشده‌اند.
57580,روغن سیم بکسل 2,عدد,8500000,57580,57580: روغن سیم بکسل 2 = 8500000,,معنای عدد ۲ در روغن سیم بکسل ۲ مشخص نیست؛ برای جلوگیری از حذف حجم یا مدل متفاوت جدا باقی ماند.
59976,لقمه درب,عدد,3000000,59976,59976: لقمه درب = 3000000,,لقمه و کفشک‌ها جنس یا محل مصرف متفاوت/نامشخص دارند؛ جدا باقی ماندند.
60660,تعمیر برد,عدد,7000000,60660,60660: تعمیر برد = 7000000,,
61026,تسمه,عدد,4000000,61026,61026: تسمه = 4000000,,
61499,سرویسکاری خرداد تا اسفند ماه 1403,عدد,30000000,61499,61499: سرویسکاری خرداد تا اسفند ماه 1403 = 30000000,,سرویس با مدت نامشخص، چندماهه و سالانه جداست؛ قیمت ماهانه جایگزین مبلغ چندماهه نشده است.
61500,سرویس فروردین و اردیبهشت,عدد,4500000,61500,61500: سرویس فروردین و اردیبهشت = 4500000,,سرویس با مدت نامشخص، چندماهه و سالانه جداست؛ قیمت ماهانه جایگزین مبلغ چندماهه نشده است.
61642,میکروسوئیچ,عدد,3500000,61642,61642: میکروسوایچ = 3500000,,
61668,لامپ تونلی,عدد,2000000,61668,61668: لامپ تونلی = 2000000,,
454321,تعمیر ترمز,عدد,35000000,454321,454321: تعمییر ترمز = 35000000,,
654652,سیم,متر,250000,654652,654652: سیم = 250000,,
654654,اسپیکر,عدد,5000000,654654,654654: اسپیکر = 5000000,,
