code	name	unit	price_rial
1	روغن دوزمانه	عدد	4000000.000000
2	دستمزد نصب تابلو	عدد	50000000.000000
3	بست ان اف	عدد	200000.000000
5	رنگ زدن شاخص طبقات	عدد	400000.000000
2222	رفع عیب	عدد	2000000.000000
4587	هزینه نظافت کامل آسانسور 2	عدد	2000000.000000
6543	خرابی	عدد	3000000.000000
29039	هزینه نظافت کامل آسانسور	عدد	5000000.000000
29290	روغن 4 لیتری	عدد	40000000.000000
29291	روغن 1 لیتری بهران	لیتر	280000.000000
29292	دستمزد تعویض روغن گیربکس	عدد	8000000.000000
29309	دستمزد تعویض کفشک	عدد	1000000.000000
29339	روغن دو زمانه اسپیدی	عدد	4000000.000000
29340	روغن دان روی کابین و قاب وزنه	عدد	3000000.000000
29363	تعویض فیتیله روغن دان	عدد	100000.000000
29364	لامپ  10w	عدد	1300000.000000
29365	بیمه آسانسور 5 نفره	عدد	955000.000000
29366	قطع کن  ان اف آسانسور	عدد	9000000.000000
29367	سمباده	عدد	100000.000000
29368	لامپ هالوژن	عدد	2100000.000000
29409	هالوژن	عدد	280000.000000
29413	بدهی ماه های گذشته	عدد	1700000.000000
29414	بیمه آسانسور	عدد	1400000.000000
29415	تراول کابل 3 متر	عدد	1560000.000000
29416	ما به التفاوت کابل تراول 32 متر	عدد	2880000.000000
29420	لامپ 10 وات	عدد	1200000.000000
29454	قفل درب طبقه	عدد	15000000.000000
29455	کلید سه گوش	عدد	2500000.000000
29456	دستمزد تعویض آرامبند	عدد	100000.000000
29457	هزینه تعویض قفل درب	عدد	200000.000000
29458	هزینه تعویض روغن دان	عدد	100000.000000
29459	هزینه تعویض تسمه موتور	عدد	200000.000000
29460	ایاب ذهاب مرتبه دوم	عدد	200000.000000
29478	هزینه نظافت	عدد	1000000.000000
29532	تعویض شستی	عدد	100000.000000
29533	فیوز مینیاتوری تک فاز	عدد	2500000.000000
29573	تعویض قرقره	عدد	300000.000000
29574	قرقره درب داخلی	عدد	8000000.000000
29752	قاب شیشه	عدد	1000000.000000
29756	قفل طبقه	عدد	25000000.000000
29757	شاستی آسانسور	عدد	7500000.000000
29758	کمان درب	عدد	20000000.000000
29759	برد درب یاران	عدد	9000000.000000
29760	دوشاخ درب یاران	عدد	10000000.000000
29779	آرامبند جان لیفت	عدد	32000000.000000
29806	واسکازین موتور	عدد	550000.000000
29807	لقمه پلاستیکی درب کابین	عدد	1000000.000000
29808	فیتیله	عدد	100000.000000
29844	ان اف طبقه	عدد	700000.000000
29846	شستی طبقه	عدد	700000.000000
29920	اسپری کنتاکت شور	عدد	1200000.000000
29963	قفل درب	عدد	1500000.000000
29964	آرامبند ایرانی	عدد	14000000.000000
30118	تمیزکاری ریل های کابین و قاب وزنه	عدد	500000.000000
30160	کنتاکتور 32 آمپر	عدد	12000000.000000
30358	دستمزد نصب روغن دان	عدد	100000.000000
30545	تعویض تراول	عدد	2500000.000000
30990	شستی	عدد	800000.000000
31012	روغن سیم بکسل	عدد	18000000.000000
31105	سیم  بکسل 10	متر	166000.000000
31106	فلکه هرزگرد 40سانت پرشیا	عدد	10000000.000000
31107	دستمزد مکانیک و تعویض سیم بکسل	عدد	12000000.000000
31119	لامپ 12w	عدد	280000.000000
31723	روغن یک لیتری	لیتر	650000.000000
31725	سیم نلفنی	متر	600000.000000
32052	کنترل فاز	عدد	5000000.000000
32062	برد سر درب آسانسور یاران	عدد	55000000.000000
32063	سنسورتوقف	عدد	13000000.000000
32064	سرویسکاری آسانسور	عدد	800000.000000
32189	کنتاکت درب کابین	عدد	5000000.000000
32474	فن	عدد	10000000.000000
32743	سنسور طبقه	عدد	13000000.000000
32889	روغن گیربکس 1 لیتر	لیتر	4500000.000000
33150	کفشک درب	عدد	1000000.000000
33395	چسب برق	عدد	100000.000000
33402	سرویس ماهیانه	عدد	500000.000000
33403	سرویس مهر ماه	عدد	600000.000000
33404	تععویض برد پاور برد اصلی	عدد	1500000.000000
34234	موتور سر درب	عدد	55000000.000000
34943	کفشک ارتالونی	عدد	750000.000000
34985	نظافت آسانسور	عدد	800000.000000
35214	سنسور درب داخل	عدد	13000000.000000
35457	کنتاکتور	عدد	25000000.000000
35618	روغن گیر ریل	عدد	900000.000000
35694	فنر درب	عدد	2000000.000000
35696	فیوز سه فاز	عدد	1800000.000000
38154	دستمزد تعویض روغن	عدد	1000000.000000
38611	دستگیره درب	عدد	1200000.000000
39874	پنل طبقات	عدد	2500000.000000
40389	بست سیم بکسل	عدد	500000.000000
41039	آرام بند اونسا	عدد	5000000.000000
41040	کنتاک کمکی	عدد	1600000.000000
41079	لامپ هالوژن با فریم	عدد	3500000.000000
41081	ایاب و ذهاب	عدد	500000.000000
44983	کلید منیاتوری	عدد	2000000.000000
44999	سرپیچ لامپ	عدد	600000.000000
45158	روغن دو زمانه	لیتر	2200000.000000
45159	طلق کابین	متر	10000000.000000
49565	فلکه گاورنر	عدد	15000000.000000
49913	نظافت	عدد	1000000.000000
49921	فرم هالوژن	عدد	1500000.000000
51353	سرویسکاری فروردین ماه	عدد	2500000.000000
51354	سرویسکاری اردیبهشت ماه	عدد	2500000.000000
51355	سرویسکاری خرداد ماه	عدد	2500000.000000
51356	سرویسکاری تیرماه	عدد	2500000.000000
51357	سرویسکاری مرداد ماه	عدد	2500000.000000
51358	سرویسکاری شهریور ماه	عدد	2500000.000000
51359	سرویسکاری مهر ماه	عدد	2500000.000000
51360	سرویسکاری آبان ماه	عدد	2500000.000000
51362	سرویسکاری آذر ماه	عدد	2500000.000000
51363	سرویسکاری دی ماه	عدد	2500000.000000
51364	سرویسکاری بهمن ماه	عدد	2500000.000000
51365	سرویسکاری اسفند ماه	عدد	2500000.000000
51366	سرویسکاری آسانسور 1402	عدد	30000000.000000
51817	سرویس خرداد ماه نا دی ماه	عدد	20000000.000000
52604	سرویس فروردین تا اسفند ماه	عدد	24400000.000000
56029	کلید سه فاز	عدد	4500000.000000
57580	روغن سیم بکسل 2	عدد	8500000.000000
59976	لقمه درب	عدد	3000000.000000
60486	فتیله	عدد	100000.000000
60660	تعمیر برد	عدد	7000000.000000
61026	تسمه	عدد	4000000.000000
61499	سرویسکاری خرداد تا اسفند ماه 1403	عدد	30000000.000000
61500	سرویس فروردین و اردیبهشت	عدد	4500000.000000
61642	میکروسوایچ	عدد	3500000.000000
61668	لامپ تونلی	عدد	2000000.000000
454321	تعمییر ترمز	عدد	35000000.000000
458796	هزینه نظافت کامل آسانسور 3	عدد	1500000.000000
654652	سیم	متر	250000.000000
654654	اسپیکر	عدد	5000000.000000
